School,From,To,Yrs,NCAA_Tournament_2019,Win_Percentage_2019,AP_Rank_2019,NCAA_Tournament_2018,Win_Percentage_2018,AP_Ranked_2018,City,State,Overall_Games_Played,Wins,Losses,Overall_Win_Loss_Percentage,AP_Final_Poll_Appearances,NCAA_Tournament_Appearances,Final_Four_Appearances,NCAA_Championships
Abilene Christian,1971,2022,12,1,0.794,0,0,0.5,,Abilene,Texas,359,197,162,0.549,0,2,0,0
Air Force,1958,2022,65,0,0.438,0,0,0.387,,USAF Academy,Colorado,1780,771,1009,0.433,0,4,0,0
Akron,1902,2022,71,0,0.515,0,0,0.438,,Akron,Ohio,1650,981,669,0.595,0,5,0,0
Alabama A&M,2000,2022,23,0,0.156,0,0,0.097,,Normal,Alabama,655,250,405,0.382,0,1,0,0
Alabama,1913,2022,109,0,0.529,0,1,0.556,,Tuscaloosa,Alabama,2822,1738,1083,0.616,16,23,0,0
Alabama State,1983,2022,40,0,0.387,0,0,0.258,,Montgomery,Alabama,1177,553,624,0.47,0,4,0,0
Albany (NY),2000,2022,23,0,0.375,0,0,0.688,,Albany,New York,705,346,359,0.491,0,5,0,0
Alcorn State,1978,2022,45,0,0.323,0,0,0.344,,Alcorn State,Mississippi,1328,575,753,0.433,0,6,0,0
Allegheny,1896,1916,21,,,,,,,Meadville,Pennsylvania,234,191,41,0.823,0,,,
American,1967,2022,56,0,0.5,0,0,0.2,,Washington,D.C.,1575,769,806,0.488,0,3,0,0
Amherst Lord,1901,1902,2,,,,,,,Amherst,Massachusetts,12,12,0,1,0,,,
Appalachian State,1974,2022,49,0,0.344,0,0,0.455,,Boone,North Carolina,1448,711,737,0.491,0,3,0,0
Arizona State,1912,2022,107,1,0.676,0,1,0.625,,Tempe,Arizona,2632,1394,1238,0.53,7,16,0,0
Arizona,1905,2022,115,0,0.531,0,1,0.771,12,Tucson,Arizona,2817,1858,958,0.66,28,36,4,1
Arkansas,1924,2022,99,0,0.529,0,1,0.657,,Fayetteville,Arkansas,2744,1761,983,0.642,18,34,6,1
Arkansas State,1971,2022,52,0,0.406,0,0,0.344,,State University,Arkansas,1505,772,733,0.513,0,1,0,0
Arkansas-Pine Bluff,1999,2022,24,0,0.406,0,0,0.4,,Pine Bluff,Arkansas,723,210,513,0.29,0,1,0,0
Armstrong,1987,1987,1,,,,,,,Savannah,Georgia,28,6,22,0.214,0,0,0,0
Army,1903,2022,120,0,0.406,0,0,0.433,,West Point,New York,2569,1277,1292,0.497,0,0,0,0
Auburn,1906,2022,116,1,0.75,14,1,0.765,19,Auburn,Alabama,2660,1430,1229,0.538,9,11,1,0
Augusta State,1985,1991,7,,,,,,,Augusta,Georgia,197,64,133,0.325,0,0,0,0
Augustana (IL),1902,1917,12,,,,,,,Rock Island,Illinois,116,81,35,0.698,0,,,
Austin Peay,1964,2022,59,0,0.667,0,0,0.559,,Clarksville,Tennessee,1696,850,846,0.501,1,7,0,0
Baker University,1903,1908,6,,,,,,,Baldwin City,Kansas,90,62,28,0.689,0,,,
Baldwin-Wallace,1948,1953,6,,,,,,,Berea,Ohio,139,82,57,0.59,0,0,0,0
Ball State,1972,2022,51,0,0.485,0,0,0.594,,Muncie,Indiana,1497,792,705,0.529,1,7,0,0
Baltimore,1979,1983,5,,,,,,,Baltimore,Maryland,133,46,87,0.346,0,0,0,0
Baylor,1907,2022,116,1,0.588,0,0,0.559,,Waco,Texas,2818,1432,1386,0.508,9,14,3,1
Bellarmine,2021,2022,2,,,,,,,Louisville,Kentucky,55,34,21,0.618,0,0,0,0
Belmont,2000,2022,23,1,0.818,0,0,0.727,,Nashville,Tennessee,731,492,239,0.673,0,8,0,0
Beloit,1911,1924,8,,,,,,,Beloit,Wisconsin,95,66,28,0.702,0,,,
Bethune-Cookman,1981,2022,41,0,0.452,0,0,0.563,,Daytona Beach,Florida,1215,442,773,0.364,0,0,0,0
Binghamton,2002,2022,21,0,0.303,0,0,0.355,,Binghamton,New York,621,221,400,0.356,0,1,0,0
Birmingham-Southern,1920,2006,5,,,,,,,Birmingham,Alabama,105,65,40,0.619,0,0,0,0
Bloomsburg,1896,1911,15,,,,,,,Bloomsburg,Pennsylvania,143,88,55,0.615,0,,,
Boise State,1972,2022,51,0,0.394,0,0,0.719,,Boise,Idaho,1508,849,659,0.563,1,8,0,0
Boston College,1946,2022,77,0,0.452,0,0,0.543,,Chestnut Hill,Massachusetts,2167,1173,994,0.541,8,18,0,0
Boston University,1916,2022,96,0,0.455,0,0,0.484,,Boston,Massachusetts,2218,1142,1076,0.515,0,7,0,0
Bowling Green State,1916,2022,107,0,0.647,0,0,0.5,,Bowling Green,Ohio,2660,1435,1225,0.539,2,4,0,0
Bradley,1903,2022,118,1,0.571,0,0,0.606,,Peoria,Illinois,2964,1721,1243,0.581,12,9,2,0
Brigham Young,1908,1908,1,0,0.594,0,0,0.686,,Logan,Utah,11,10,1,0.909,0,,,
Brigham Young,1903,2022,120,0,0.594,0,0,0.686,,Provo,Utah,3018,1897,1121,0.629,12,30,0,0
Brooklyn,1934,1992,25,,,,,,,Brooklyn,New York,567,233,334,0.411,0,0,0,0
Brown,1901,2022,116,0,0.625,0,0,0.407,,Providence,Rhode Island,2630,1073,1557,0.408,0,2,0,0
Bryant,2011,2022,12,0,0.333,0,0,0.097,,Smithfield,Rhode Island,364,149,215,0.409,0,1,0,0
Bucknell,1896,2022,127,0,0.636,0,1,0.714,,Lewisburg,Pennsylvania,2756,1477,1279,0.536,0,8,0,0
Buffalo,1907,2022,53,1,0.889,15,1,0.75,,Buffalo,New York,1292,668,624,0.517,1,4,0,0
Butler,1897,2022,124,0,0.485,0,1,0.6,,Indianapolis,Indiana,2831,1643,1188,0.58,8,16,2,0
Cal Poly,1995,2022,28,0,0.207,0,0,0.29,,San Luis Obispo,California,817,314,503,0.384,0,1,0,0
Cal State Bakersfield,2011,2022,12,0,0.529,0,0,0.4,,Bakersfield,California,371,181,190,0.488,0,1,0,0
Cal State Fullerton,1975,2022,48,0,0.471,0,1,0.625,,Fullerton,California,1392,662,730,0.476,0,4,0,0
Cal State Los Angeles,1971,1975,5,,,,,,,Los Angeles,California,130,70,60,0.538,0,1,0,0
Cal State Northridge,1991,2022,32,0,0.382,0,0,0.2,,Northridge,California,949,400,549,0.421,0,2,0,0
California Baptist,2019,2022,4,0,0.516,0,,,,Riverside,California,119,68,51,0.571,0,0,0,0
California,1908,2022,113,0,0.258,0,0,0.25,,Berkeley,California,2896,1656,1240,0.572,5,19,3,1
Campbell,1978,2022,45,0,0.606,0,0,0.529,,Buies Creek,North Carolina,1300,551,749,0.424,0,1,0,0
Canisius,1904,2022,118,0,0.469,0,0,0.636,,Buffalo,New York,2651,1337,1314,0.504,1,4,0,0
Canterbury,1931,1931,1,,,,,,,Danville,Indiana,19,19,0,1,0,,,
Carleton College,1910,1934,25,,,,,,,Northfield,Minnesota,360,280,80,0.778,0,,,
Carnegie Mellon,1933,1939,7,,,,,,,Pittsburgh,Pennsylvania,87,40,47,0.46,0,0,0,0
Case Western Reserve,1898,1955,13,,,,,,,Cleveland,Ohio,245,95,150,0.388,0,0,0,0
Catholic,1913,1981,13,,,,,,,Washington,D.C.,248,122,126,0.492,0,1,0,0
Centenary (LA),1960,2011,52,,,,,,,Shreveport,Louisiana,1435,637,798,0.444,1,0,0,0
Central Arkansas,2011,2022,12,0,0.424,0,0,0.514,,Conway,Arkansas,360,109,251,0.303,0,0,0,0
Central Connecticut State,1987,2022,36,0,0.355,0,0,0.438,,New Britain,Connecticut,1045,408,637,0.39,0,3,0,0
Central Florida,1985,2022,38,1,0.727,0,0,0.594,,Orlando,Florida,1132,572,560,0.505,0,5,0,0
Central Michigan,1974,2022,49,0,0.657,0,0,0.583,,Mount Pleasant,Michigan,1410,616,794,0.437,0,4,0,0
Central Missouri,1913,1937,10,,,,,,,Warrensburg,Missouri,178,140,38,0.787,0,,,
Central Pennsylvania College,1896,1900,4,,,,,,,Summerdale,Pennsylvania,6,2,4,0.333,0,,,
Centre (KY),1910,1919,3,,,,,,,Danville,Kentucky,45,41,4,0.911,0,,,
Charleston Southern,1975,2022,48,0,0.529,0,0,0.484,,Charleston,South Carolina,1375,559,816,0.407,0,1,0,0
Charlotte,1973,2022,50,0,0.276,0,0,0.207,,Charlotte,North Carolina,1484,809,675,0.545,2,11,1,0
Chattanooga,1978,2022,45,0,0.375,0,0,0.303,,Chattanooga,Tennessee,1386,840,546,0.606,1,12,0,0
Cheyenne Business College,1903,1903,1,,,,,,,Cheyenne,Wyoming,1,1,0,1,0,,,
Chicago,1896,1946,46,,,,,,,Chicago,Illinois,862,419,443,0.486,0,0,0,0
Chicago State,1985,2022,38,0,0.094,0,0,0.094,,Chicago,Illinois,1093,280,813,0.256,0,0,0,0
Cincinnati,1902,2022,121,1,0.8,22,1,0.861,6,Cincinnati,Ohio,2917,1865,1052,0.639,25,33,6,2
City College of New York,1906,1953,48,,,,,,,New York,New York,725,517,208,0.713,0,2,2,1
Clemson,1912,2022,111,0,0.588,0,1,0.714,20,Clemson,South Carolina,2724,1380,1342,0.507,6,13,0,0
Cleveland State,1973,2022,50,0,0.323,0,0,0.343,,Cleveland,Ohio,1469,732,737,0.498,0,3,0,0
Coastal Carolina,1987,2022,36,0,0.5,0,0,0.438,,Conway,South Carolina,1083,557,526,0.514,0,4,0,0
Colgate,1901,2022,122,1,0.686,0,0,0.576,,Hamilton,New York,2768,1343,1425,0.485,0,5,0,0
College of Charleston,1992,2022,31,0,0.727,0,1,0.765,,Charleston,South Carolina,959,652,307,0.68,2,5,0,0
College of New Jersey,1900,1900,1,,,,,,,Ewing,New Jersey,5,3,2,0.6,0,,,
Colorado,1902,2022,119,0,0.639,0,0,0.531,,Boulder,Colorado,2626,1383,1243,0.527,6,15,2,0
Colorado College,1915,1937,23,,,,,,,Colorado Springs,Colorado,376,233,143,0.62,0,,,
Colorado School of Mines,1908,1937,28,,,,,,,Golden,Colorado,282,80,202,0.284,0,,,
Colorado State,1902,2022,118,0,0.375,0,0,0.344,,Fort Collins,Colorado,2629,1331,1298,0.506,1,11,0,0
Columbia,1901,2022,122,0,0.357,0,0,0.296,,New York,New York,2674,1312,1362,0.491,2,3,0,0
Concordia Seminary,1907,1923,2,,,,,,,St. Louis,Missouri,16,14,2,0.875,0,,,
Connecticut,1901,2022,116,0,0.485,0,0,0.438,,Storrs,Connecticut,2700,1713,987,0.634,17,34,5,4
Coppin State,1986,2022,37,0,0.242,0,0,0.156,,Baltimore,Maryland,1117,506,611,0.453,0,4,0,0
Cornell,1899,2022,124,0,0.484,0,0,0.429,,Ithaca,New York,2756,1284,1472,0.466,0,5,0,0
Cotner College,1910,1911,2,,,,,,,Lincoln,Nebraska,27,24,3,0.889,0,,,
Creighton,1912,2022,102,0,0.571,0,1,0.636,,Omaha,Nebraska,2679,1631,1048,0.609,6,23,0,0
Cumberland,1904,1904,1,,,,,,,Lebanon,Tennessee,4,4,0,1,0,,,
Dakota Wesleyan,1932,1932,1,,,,,,,Mitchell,South Carolina,20,19,1,0.95,0,,,
Dartmouth,1900,2022,122,0,0.367,0,0,0.259,,Hanover,New Hampshire,2886,1328,1556,0.46,0,7,2,0
Davidson,1909,2022,113,0,0.706,0,1,0.636,,Davidson,North Carolina,2765,1517,1248,0.549,6,15,0,0
Dayton,1904,2022,117,0,0.636,0,0,0.452,,Dayton,Ohio,2853,1712,1141,0.6,8,18,1,0
Delaware,1906,2022,81,0,0.515,0,0,0.424,,Newark,Delaware,1972,982,989,0.498,0,6,0,0
Delaware State,1974,2022,49,0,0.194,0,0,0.125,,Dover,Delaware,1407,541,866,0.385,0,1,0,0
Denison,1905,1944,24,,,,,,,Granville,Ohio,362,269,93,0.743,0,0,0,0
Denver,1904,2022,99,0,0.267,0,0,0.5,,Denver,Colorado,2158,961,1197,0.445,0,0,0,0
DePaul,1924,2022,99,0,0.528,0,0,0.355,,Chicago,Illinois,2573,1503,1070,0.584,12,22,2,0
DePauw,1916,1932,17,,,,,,,Greencastle,Indiana,276,182,94,0.659,0,,,
Detroit Mercy,1910,2022,113,0,0.355,0,0,0.25,,Detroit,Michigan,2732,1450,1282,0.531,2,6,0,0
Dickinson College,1926,1947,2,,,,,,,Carlisle,Pennsylvania,34,30,4,0.882,0,0,0,0
Dixie State,2021,2022,2,,,,,,,St. George,Utah,52,21,31,0.404,0,0,0,0
Drake,1907,2022,116,0,0.706,0,0,0.5,,Des Moines,Iowa,2824,1314,1510,0.465,5,5,1,0
Drexel,1895,2022,52,0,0.406,0,0,0.394,,Philadelphia,Pennsylvania,1436,785,651,0.547,0,5,0,0
Duke,1906,2022,117,1,0.842,1,1,0.784,9,Durham,North Carolina,3157,2246,911,0.711,50,44,17,5
Duquesne,1914,2022,106,0,0.594,0,0,0.5,,Pittsburgh,Pennsylvania,2604,1438,1166,0.552,7,5,1,0
East Carolina,1967,2022,56,0,0.323,0,0,0.333,,Greenville,North Carolina,1593,698,895,0.438,0,2,0,0
East Central,1929,1931,3,,,,,,,Ada,Oklahoma,74,66,8,0.892,0,,,
East Tennessee State,1959,2022,64,0,0.706,0,0,0.735,,Johnson City,Tennessee,1833,1005,828,0.548,1,10,0,0
Eastern Illinois,1982,2022,41,0,0.438,0,0,0.387,,Charleston,Illinois,1205,543,662,0.451,0,2,0,0
Eastern Kentucky,1948,2022,72,0,0.419,0,0,0.355,,Richmond,Kentucky,1946,957,989,0.492,0,8,0,0
Eastern Michigan,1933,2022,50,0,0.469,0,0,0.629,,Ypsilanti,Michigan,1469,691,778,0.47,0,4,0,0
Eastern Washington,1984,2022,39,0,0.471,0,0,0.571,,Cheney,Washington,1141,506,635,0.443,0,3,0,0
Elon,2000,2022,23,0,0.344,0,0,0.438,,Elon,North Carolina,702,298,404,0.425,0,0,0,0
Emporia State,1934,1934,1,,,,,,,Emporia,Kansas,18,17,1,0.944,0,,,
Ensign College,1903,1903,1,,,,,,,Salt Lake City,Utah,16,15,1,0.938,0,,,
Evansville,1925,2022,49,0,0.344,0,0,0.531,,Evansville,Indiana,1392,731,661,0.525,0,5,0,0
Fairfield,1965,2022,58,0,0.29,0,0,0.515,,Fairfield,Connecticut,1665,804,861,0.483,0,3,0,0
Fairleigh Dickinson,1968,2022,55,1,0.6,0,0,0.419,,Teaneck,New Jersey,1544,730,814,0.473,0,6,0,0
Florida A&M,1980,2022,43,0,0.387,0,0,0.265,,Tallahassee,Florida,1262,487,775,0.386,0,3,0,0
Florida Atlantic,1994,2022,29,0,0.515,0,0,0.387,,Boca Raton,Florida,861,329,532,0.382,0,1,0,0
Florida,1921,2022,101,1,0.556,0,1,0.618,23,Gainesville,Florida,2638,1486,1151,0.564,15,23,5,2
Florida Gulf Coast,2011,2022,12,0,0.438,0,0,0.657,,Fort Myers,Florida,387,221,166,0.571,0,3,0,0
Florida International,1988,2022,35,0,0.588,0,0,0.438,,Miami,Florida,1042,422,620,0.405,0,1,0,0
Florida State,1957,2022,66,1,0.784,10,1,0.657,,Tallahassee,Florida,1948,1163,785,0.597,12,18,1,0
Fordham,1903,2022,118,0,0.375,0,0,0.29,,Bronx,New York,2981,1545,1436,0.518,1,4,0,0
Franklin,1907,1925,18,,,,,,,Franklin,Indiana,221,144,77,0.652,0,,,
Fresno State,1956,2022,55,0,0.719,0,0,0.656,,Fresno,California,1659,932,727,0.562,1,6,0,0
Furman,1920,2022,101,0,0.758,0,0,0.697,,Greenville,South Carolina,2581,1305,1276,0.506,0,6,0,0
Gardner-Webb,2003,2022,20,1,0.657,0,0,0.438,,Boiling Springs,North Carolina,626,295,331,0.471,0,1,0,0
Geneva,1893,1943,10,,,,,,,Beaver Falls,Pennsylvania,125,80,45,0.64,0,0,0,0
George Mason,1979,2022,44,0,0.545,0,0,0.485,,Fairfax,Virginia,1321,708,613,0.536,0,6,1,0
George Washington,1913,2022,105,0,0.273,0,0,0.455,,Washington,D.C.,2579,1378,1201,0.534,3,11,0,0
Georgetown,1907,2022,114,0,0.576,0,0,0.5,,Washington,D.C.,2814,1706,1108,0.606,20,31,5,1
Georgia,1906,2022,117,0,0.344,0,0,0.545,,Athens,Georgia,2826,1459,1367,0.516,5,12,1,0
Georgia Southern,1972,2022,51,0,0.636,0,0,0.636,,Statesboro,Georgia,1487,760,727,0.511,0,3,0,0
Georgia State,1974,2022,49,1,0.706,0,1,0.686,,Atlanta,Georgia,1430,646,784,0.452,0,6,0,0
Georgia Tech,1920,2022,103,0,0.438,0,0,0.406,,Atlanta,Georgia,2684,1412,1272,0.526,8,17,2,0
Gettysburg,1901,1973,41,,,,,,,Gettysburg,Pennsylvania,724,385,339,0.532,0,0,0,0
Gonzaga,1944,2022,71,1,0.892,4,1,0.865,8,Spokane,Washington,2102,1395,707,0.664,15,24,2,0
Grambling,1978,2022,45,0,0.5,0,0,0.548,,Grambling,Louisiana,1284,485,799,0.378,0,0,0,0
Grand Canyon,2014,2022,9,0,0.588,0,0,0.647,,Phoenix,Arizona,280,176,104,0.629,0,1,0,0
Green Bay,1982,2022,41,0,0.553,0,0,0.394,,Green Bay,Wisconsin,1247,669,578,0.536,0,5,0,0
Grinnell,1901,1939,38,,,,,,,Grinnell,Iowa,550,280,270,0.509,0,0,0,0
Grove City,1899,1925,27,,,,,,,Grove City,Pennsylvania,383,257,126,0.671,0,,,
Hamline,1945,1948,4,,,,,,,St. Paul,Minnesota,102,82,20,0.804,0,0,0,0
Hampton,1996,2022,27,0,0.514,0,0,0.529,,Hampton,Virginia,829,426,403,0.514,0,6,0,0
Hardin-Simmons,1923,1990,45,,,,,,,Abilene,Texas,1149,481,668,0.419,0,2,0,0
Hartford,1985,2022,38,0,0.545,0,0,0.576,,West Hartford,Connecticut,1127,481,646,0.427,0,1,0,0
Harvard,1901,2022,111,0,0.613,0,0,0.563,,Boston,Massachusetts,2538,1187,1351,0.468,0,5,0,0
Haskell (KS),1903,1908,2,,,,,,,Lawrence,Kansas,39,27,12,0.692,0,,,
Hawaii,1971,2022,52,0,0.581,0,0,0.567,,Honolulu,Hawaii,1518,803,715,0.529,1,5,0,0
High Point,2000,2022,23,0,0.516,0,0,0.467,,High Point,North Carolina,695,327,368,0.471,0,0,0,0
Hiram,1894,1904,8,,,,,,,Hiram,Ohio,59,45,14,0.763,0,,,
Hofstra,1943,2022,57,0,0.771,0,0,0.613,,Hempstead,New York,1652,861,791,0.521,0,4,0,0
Holy Cross,1901,2022,102,0,0.485,0,0,0.387,,Worcester,Massachusetts,2485,1429,1056,0.575,6,13,2,1
Hope,1908,1913,5,,,,,,,Holland,Michigan,65,44,21,0.677,0,,,
Houston Baptist,1974,2022,28,0,0.4,0,0,0.194,,Houston,Texas,803,324,479,0.403,0,1,0,0
Houston,1951,2022,72,1,0.892,11,1,0.771,21,Houston,Texas,2140,1307,833,0.611,12,23,6,0
Howard,1974,2022,49,0,0.5,0,0,0.303,,Washington,D.C.,1389,540,849,0.389,0,2,0,0
Idaho State,1959,2022,64,0,0.367,0,0,0.467,,Pocatello,Idaho,1771,773,998,0.436,0,5,0,0
Idaho,1906,2022,117,0,0.156,0,0,0.71,,Moscow,Idaho,2932,1362,1568,0.465,1,4,0,0
Illinois,1906,2022,117,0,0.364,0,0,0.438,,Champaign,Illinois,2897,1856,1041,0.641,29,32,5,0
Illinois State,1899,2022,63,0,0.515,0,0,0.545,,Normal,Illinois,1631,959,672,0.588,0,6,0,0
Illinois Wesleyan,1928,1928,1,,,,,,,Bloomington,Illinois,14,13,1,0.929,0,,,
Illinois-Chicago,1982,2022,41,0,0.5,0,0,0.556,,Chicago,Illinois,1242,595,647,0.479,0,3,0,0
Incarnate Word,2014,2022,9,0,0.194,0,0,0.25,,San Antonio,Texas,258,105,153,0.407,0,0,0,0
Indiana,1901,2022,122,0,0.543,0,0,0.516,,Bloomington,Indiana,2980,1886,1094,0.633,28,40,8,5
Indiana State,1900,2022,100,0,0.484,0,0,0.419,,Terre Haute,Indiana,2255,1160,1095,0.514,1,4,1,0
Iona,1954,2022,69,1,0.515,0,1,0.588,,New Rochelle,New York,1900,1072,828,0.564,1,15,0,0
Iowa,1893,2022,125,1,0.657,0,0,0.424,,Iowa City,Iowa,2925,1721,1203,0.589,21,28,3,0
Iowa State,1908,2022,115,1,0.657,24,0,0.419,,Ames,Iowa,2788,1410,1378,0.506,10,21,1,0
IUPUI,1999,2022,24,0,0.485,0,0,0.367,,Indianapolis,Indiana,733,329,404,0.449,0,1,0,0
Jackson State,1978,2022,45,0,0.406,0,0,0.375,,Jackson,Mississippi,1344,632,712,0.47,0,3,0,0
Jacksonville,1967,2022,56,0,0.375,0,0,0.455,,Jacksonville,Florida,1617,796,821,0.492,2,5,1,0
Jacksonville State,1996,2022,27,0,0.727,0,0,0.639,,Jacksonville,Alabama,803,360,443,0.448,0,2,0,0
James Madison,1977,2022,46,0,0.424,0,0,0.313,,Harrisonburg,Virginia,1366,693,673,0.507,0,5,0,0
John Carroll,1948,1955,8,,,,,,,University Heights,Ohio,191,80,111,0.419,0,0,0,0
Kalamazoo,1908,1923,16,,,,,,,Kalamazoo,Michigan,193,134,59,0.694,0,,,
Kansas City,1990,2022,33,0,0.344,0,0,0.313,,Kansas City,Missouri,976,421,555,0.431,0,0,0,0
Kansas,1899,2022,124,1,0.722,17,1,0.795,4,Lawrence,Kansas,3234,2357,877,0.729,47,50,16,4
Kansas State,1906,2022,117,1,0.735,18,1,0.676,,Manhattan,Kansas,2903,1691,1212,0.583,16,31,4,0
Kennesaw State,2010,2022,13,0,0.188,0,0,0.333,,Kennesaw,Georgia,397,103,294,0.259,0,0,0,0
Kent State,1914,2022,103,0,0.667,0,0,0.5,,Kent,Ohio,2492,1242,1250,0.498,0,6,0,0
Kentucky Wesleyan,1957,1958,2,,,,,,,Owensboro,Kentucky,52,30,22,0.577,0,0,0,0
Kentucky,1903,2022,119,1,0.811,7,1,0.703,18,Lexington,Kentucky,3093,2355,737,0.762,54,60,17,8
La Salle,1932,2022,91,0,0.323,0,0,0.406,,Philadelphia,Pennsylvania,2450,1408,1042,0.575,6,12,2,1
Lafayette,1901,2022,112,0,0.333,0,0,0.323,,Easton,Pennsylvania,2679,1371,1308,0.512,0,4,0,0
Lake Forest,1905,1916,12,,,,,,,Lake Forest,Illinois,144,89,55,0.618,0,,,
Lamar,1970,2022,53,0,0.606,0,0,0.576,,Beaumont,Texas,1543,774,769,0.502,0,6,0,0
Lawrence,1948,1948,1,,,,,,,Appleton,Wisconsin,28,22,6,0.786,0,0,0,0
Lehigh,1902,2022,121,0,0.645,0,0,0.533,,Bethlehem,Pennsylvania,2600,1135,1465,0.437,0,5,0,0
Lewis,1905,1905,1,,,,,,,Romeoville,Illinois,25,20,5,0.8,0,,,
Liberty,1989,2022,34,1,0.806,0,0,0.595,,Lynchburg,Virginia,1051,528,523,0.502,0,5,0,0
Lipscomb,2004,2022,19,0,0.784,0,1,0.697,,Nashville,Tennessee,591,311,280,0.526,0,1,0,0
Little Rock,1979,2022,44,0,0.323,0,0,0.219,,Little Rock,Arkansas,1315,717,598,0.545,0,5,0,0
Long Beach State,1970,2022,53,0,0.441,0,0,0.455,,Long Beach,California,1578,852,726,0.54,5,9,0,0
Long Island University,1929,2022,77,0,0.5,0,1,0.514,,Brooklyn,New York,2068,1152,914,0.558,1,7,0,0
Longwood,2008,2022,15,0,0.471,0,0,0.212,,Farmville,Virginia,478,178,300,0.372,0,1,0,0
Louisiana,1972,2022,51,0,0.594,0,0,0.794,,Lafayette,Louisiana,1481,858,623,0.579,2,10,0,0
Louisiana State,1909,2022,114,1,0.8,12,0,0.545,,Baton Rouge,Louisiana,2842,1624,1218,0.571,13,24,4,0
Louisiana Tech,1974,2022,49,0,0.606,0,0,0.515,,Ruston,Louisiana,1476,865,611,0.586,1,5,0,0
Louisiana-Monroe,1974,2022,49,0,0.543,0,0,0.5,,Monroe,Louisiana,1443,742,701,0.514,0,7,0,0
Louisville,1912,2022,108,1,0.588,0,0,0.611,,Louisville,Kentucky,2857,1895,962,0.663,35,43,10,3
Loyola (IL),1921,2022,101,0,0.588,0,1,0.842,,Chicago,Illinois,2582,1395,1187,0.54,6,8,2,1
Loyola (LA),1952,1972,20,,,,,,,New Orleans,Louisiana,499,237,262,0.475,0,2,0,0
Loyola (MD),1908,2022,78,0,0.344,0,0,0.29,,Baltimore,Maryland,1816,828,988,0.456,0,2,0,0
Loyola Marymount,1943,2022,75,0,0.647,0,0,0.355,,Los Angeles,California,2071,902,1169,0.436,2,5,0,0
Macalester,1896,1899,4,,,,,,,St. Paul,Minnesota,21,8,13,0.381,0,,,
Maine,1904,2022,78,0,0.156,0,0,0.188,,Orono,Maine,1869,816,1053,0.437,0,0,0,0
Manchester,1926,1926,1,,,,,,,North Manchester,Indiana,16,15,1,0.938,0,,,
Manhattan,1905,2022,116,0,0.344,0,0,0.452,,Riverdale,New York,2705,1409,1296,0.521,0,8,0,0
Marietta,1908,1920,13,,,,,,,Marietta,Ohio,175,109,66,0.623,0,,,
Marist,1982,2022,41,0,0.387,0,0,0.194,,Poughkeepsie,New York,1206,528,678,0.438,0,2,0,0
Marquette,1917,2022,105,1,0.706,0,0,0.6,,Milwaukee,Wisconsin,2729,1683,1046,0.617,22,34,3,1
Marshall,1919,2022,98,0,0.622,0,1,0.694,,Huntington,West Virginia,2548,1451,1095,0.57,1,6,0,0
Maryland,1924,2022,99,1,0.676,0,0,0.594,,College Park,Maryland,2692,1619,1073,0.601,24,29,2,1
Maryland-Baltimore County,1987,2022,36,0,0.618,0,1,0.694,,Baltimore,Maryland,1060,436,624,0.411,0,2,0,0
Maryland-Eastern Shore,1974,2022,43,0,0.219,0,0,0.219,,Princess Anne,Maryland,1215,350,865,0.288,0,0,0,0
Massachusetts Institute of Technology,1909,1909,1,,,,,,,Cambridge,Massachusetts,16,10,6,0.625,0,,,
Massachusetts,1926,2022,63,0,0.344,0,0,0.394,,Amherst,Massachusetts,1810,982,828,0.543,5,9,1,0
Massachusetts-Lowell,1906,2022,10,0,0.469,0,0,0.4,,Lowell,Massachusetts,282,126,156,0.447,0,0,0,0
McNeese State,1974,2022,49,0,0.29,0,0,0.414,,Lake Charles,Louisiana,1415,668,747,0.472,0,2,0,0
Memphis,1956,2022,67,0,0.611,0,0,0.618,,Memphis,Tennessee,2037,1361,676,0.668,16,26,3,0
Mercer,1974,2022,49,0,0.355,0,0,0.559,,Macon,Georgia,1448,697,751,0.481,0,3,0,0
Merchant Marine,1946,1947,2,,,,,,,King's Point,New York,39,13,26,0.333,0,0,0,0
Merrimack,2020,2022,3,,,,,,,North Andover,Massachusetts,79,43,36,0.544,0,0,0,0
Miami (FL),1949,2022,59,0,0.438,0,1,0.688,22,Coral Gables,Florida,1707,975,732,0.571,7,11,0,0
Miami (OH),1906,2022,117,0,0.469,0,0,0.471,,Oxford,Ohio,2671,1427,1244,0.534,1,17,0,0
Michigan State,1899,2022,123,1,0.821,5,1,0.857,5,East Lansing,Michigan,2904,1777,1127,0.612,25,35,10,2
Michigan,1918,2022,105,1,0.811,8,1,0.805,7,Ann Arbor,Michigan,2748,1676,1072,0.61,23,31,8,1
Middle Tennessee,1959,2022,64,0,0.344,0,0,0.758,,Murfreesboro,Tennessee,1829,1007,822,0.551,0,9,0,0
Millikin,1910,1921,12,,,,,,,Decatur,Illinois,210,150,60,0.714,0,,,
Millsaps,1911,1921,11,,,,,,,Jackson,Mississippi,116,59,57,0.509,0,,,
Milwaukee,1974,2022,39,0,0.29,0,0,0.485,,Milwaukee,Wisconsin,1149,554,595,0.482,0,4,0,0
Minnesota A&M,1896,1903,4,,,,,,,St. Paul,Minnesota,30,27,3,0.9,0,,,
Minnesota,1896,2022,127,1,0.611,0,0,0.469,,Minneapolis,Minnesota,2956,1690,1264,0.572,10,14,1,0
Mississippi,1909,2022,112,1,0.606,0,0,0.375,,University,Mississippi,2722,1357,1363,0.499,2,9,0,0
Mississippi State,1909,2022,110,1,0.676,0,0,0.676,,Mississippi State,Mississippi,2721,1481,1240,0.544,11,11,1,0
Mississippi Valley State,1980,2022,43,0,0.188,0,0,0.125,,Itta Bena,Mississippi,1261,482,779,0.382,0,5,0,0
Missouri State,1983,2022,40,0,0.5,0,0,0.545,,Springfield,Missouri,1255,744,511,0.593,0,6,0,0
Missouri,1907,2022,116,0,0.469,0,1,0.606,,Columbia,Missouri,2896,1683,1213,0.581,14,28,0,0
Monmouth,1984,2022,39,0,0.4,0,0,0.355,,West Long Branch,New Jersey,1164,563,601,0.484,0,4,0,0
Montana,1912,2022,107,1,0.743,0,1,0.765,,Missoula,Montana,2727,1488,1239,0.546,0,12,0,0
Montana State,1902,2022,111,0,0.469,0,0,0.406,,Bozeman,Montana,2707,1483,1224,0.548,0,3,0,0
Morehead State,1956,2022,67,0,0.394,0,0,0.276,,Morehead,Kentucky,1869,942,927,0.504,0,8,0,0
Morgan State,1985,2022,38,0,0.3,0,0,0.419,,Baltimore,Maryland,1115,419,696,0.376,0,2,0,0
Morris,2002,2003,2,,,,,,,Atlanta,Georgia,57,13,44,0.228,0,0,0,0
Mount St. Mary's,1989,2022,34,0,0.29,0,0,0.563,,Emmitsburg,Maryland,1009,440,569,0.436,0,6,0,0
Mount Union,1896,1932,37,,,,,,,Alliance,Ohio,493,314,179,0.637,0,,,
Muhlenberg,1901,1963,56,,,,,,,Allentown,Pennsylvania,1064,579,484,0.545,0,0,0,0
Murray State,1954,2022,69,1,0.848,0,1,0.813,,Murray,Kentucky,1979,1264,715,0.639,3,18,0,0
Muskingum,1905,1927,3,,,,,,,New Concord,Ohio,48,44,4,0.917,0,,,
Navy,1908,2022,115,0,0.387,0,0,0.625,,Annapolis,Maryland,2540,1445,1095,0.569,1,11,0,0
NC State,1913,2022,110,0,0.667,0,1,0.636,,Raleigh,North Carolina,2896,1782,1114,0.615,17,27,3,2
Nebraska,1897,2022,126,0,0.528,0,0,0.667,,Lincoln,Nebraska,2971,1539,1432,0.518,2,7,0,0
Nebraska Wesleyan,1906,1917,12,,,,,,,Lincoln,Nebraska,188,134,54,0.713,0,,,
Nevada,1913,2022,67,1,0.853,20,1,0.784,24,Reno,Nevada,1784,1002,782,0.562,4,9,0,0
Nevada-Las Vegas,1970,2022,53,0,0.548,0,0,0.606,,Las Vegas,Nevada,1668,1147,521,0.688,16,20,4,1
New Hampshire,1927,2022,70,0,0.172,0,0,0.323,,Durham,New Hampshire,1797,629,1168,0.35,0,0,0,0
New Mexico,1900,2022,116,0,0.438,0,0,0.559,,Albuquerque,New Mexico,2671,1535,1136,0.575,11,15,0,0
New Mexico State,1905,2022,112,1,0.857,0,1,0.824,,Las Cruces,New Mexico,2699,1603,1094,0.594,5,26,1,0
New Orleans,1976,2022,45,0,0.576,0,0,0.485,,New Orleans,Louisiana,1322,715,607,0.541,2,5,0,0
New York University,1907,1971,65,,,,,,,New York,New York,1184,725,459,0.612,2,6,2,0
Newberry,1921,1921,1,,,,,,,Newberry,South Carolina,4,2,2,0.5,0,,,
Niagara,1906,2022,116,0,0.406,0,0,0.576,,Niagara University,New York,2798,1506,1291,0.538,2,3,0,0
Nicholls State,1981,2022,42,0,0.452,0,0,0.656,,Thibodaux,Louisiana,1196,507,689,0.424,0,2,0,0
NJIT,2010,2022,13,0,0.629,0,0,0.467,,Newark,New Jersey,393,184,209,0.468,0,0,0,0
Norfolk State,1998,2022,25,0,0.611,0,0,0.424,,Norfolk,Virginia,771,383,388,0.497,0,3,0,0
North Alabama,2019,2022,4,0,0.313,0,,,,Florence,Alabama,116,45,71,0.388,0,0,0,0
North Carolina A&T,1974,2022,49,0,0.594,0,0,0.571,,Greensboro,North Carolina,1438,696,742,0.484,0,10,0,0
North Carolina Central,2011,2022,12,1,0.529,0,1,0.543,,Durham,North Carolina,371,221,150,0.596,0,4,0,0
North Carolina,1911,2022,112,1,0.806,3,1,0.703,10,Chapel Hill,North Carolina,3161,2322,839,0.735,51,52,21,6
North Central,1911,1922,8,,,,,,,Naperville,Illinois,115,78,37,0.678,0,,,
North Dakota,1905,2022,29,0,0.4,0,0,0.375,,Grand Forks,North Dakota,574,320,254,0.557,0,1,0,0
North Dakota State,1898,2022,43,1,0.543,0,0,0.469,,Fargo,North Dakota,830,572,258,0.689,0,4,0,0
North Florida,2010,2022,13,0,0.485,0,0,0.424,,Jacksonville,Florida,417,203,214,0.487,0,1,0,0
North Texas,1922,2022,67,0,0.636,0,0,0.526,,Denton,Texas,1853,844,1009,0.455,0,4,0,0
Northeastern,1938,2022,59,1,0.676,0,0,0.697,,Boston,Massachusetts,1621,843,778,0.52,0,9,0,0
Northeastern Illinois,1991,1998,8,,,,,,,Chicago,Illinois,216,78,138,0.361,0,0,0,0
Northern Arizona,1919,2022,83,0,0.323,0,0,0.156,,Flagstaff,Arizona,1990,894,1096,0.449,0,2,0,0
Northern Colorado,1911,2022,43,0,0.656,0,0,0.684,,Greeley,Colorado,825,446,379,0.541,0,1,0,0
Northern Illinois,1927,2022,56,0,0.5,0,0,0.406,,De Kalb,Illinois,1566,699,867,0.446,0,3,0,0
Northern Iowa,1981,2022,42,0,0.471,0,0,0.5,,Cedar Falls,Iowa,1272,676,596,0.531,1,8,0,0
Northern Kentucky,2013,2022,10,1,0.743,0,0,0.688,,Highland Heights,Kentucky,308,171,137,0.555,0,2,0,0
Northwest Missouri State,1930,1932,3,,,,,,,Maryville,Missouri,97,89,8,0.918,0,,,
Northwestern State,1977,2022,46,0,0.355,0,0,0.138,,Natchitoches,Louisiana,1334,584,750,0.438,0,3,0,0
Northwestern,1905,2022,117,0,0.406,0,0,0.469,,Evanston,Illinois,2694,1120,1573,0.416,0,1,0,0
Notre Dame,1897,2022,118,0,0.424,0,0,0.583,,Notre Dame,Indiana,3005,1937,1067,0.645,25,37,1,0
Oakland,2000,2022,23,0,0.485,0,0,0.576,,Rochester,Michigan,742,400,342,0.539,0,3,0,0
Oberlin,1905,1921,7,,,,,,,Oberlin,Ohio,82,61,21,0.744,0,,,
Ohio,1908,2022,115,0,0.452,0,0,0.452,,Athens,Ohio,2777,1589,1188,0.572,0,14,0,0
Ohio State,1899,2022,123,1,0.571,0,1,0.735,17,Columbus,Ohio,2980,1830,1150,0.614,24,35,11,1
Ohio Wesleyan,1929,1935,2,,,,,,,Delaware,Ohio,40,35,5,0.875,0,,,
Oklahoma City,1951,1985,35,,,,,,,Oklahoma City,Oklahoma,948,530,418,0.559,3,11,0,0
Oklahoma,1908,2022,115,1,0.588,0,1,0.563,,Norman,Oklahoma,2861,1739,1122,0.608,19,33,5,0
Oklahoma State,1908,2022,113,0,0.375,0,0,0.583,,Stillwater,Oklahoma,2929,1714,1215,0.585,19,29,6,2
Old Dominion,1977,2022,46,1,0.743,0,0,0.781,,Norfolk,Virginia,1436,869,567,0.605,0,12,0,0
Omaha,2013,2022,10,0,0.656,0,0,0.29,,Omaha,Nebraska,306,132,174,0.431,0,0,0,0
Oral Roberts,1972,2022,47,0,0.344,0,0,0.344,,Tulsa,Oklahoma,1405,790,615,0.562,2,6,0,0
Oregon,1903,2022,117,1,0.658,0,0,0.639,,Eugene,Oregon,3126,1732,1393,0.554,6,17,2,1
Oregon State,1902,2022,121,0,0.581,0,0,0.5,,Corvallis,Oregon,3195,1801,1394,0.564,8,18,2,0
Pacific,1938,2022,72,0,0.438,0,0,0.438,,Stockton,California,2030,1024,1006,0.504,1,9,0,0
Penn State,1897,2022,126,0,0.438,0,0,0.667,,University Park,Pennsylvania,2751,1522,1228,0.553,2,9,1,0
Pennsylvania,1897,2022,121,0,0.613,0,1,0.727,,Philadelphia,Pennsylvania,2950,1813,1136,0.615,6,24,1,0
Pepperdine,1944,2022,68,0,0.471,0,0,0.188,,Malibu,California,1957,966,991,0.494,1,13,0,0
Phillips,1920,1920,1,,,,,,,Enid,Oklahoma,3,2,1,0.667,0,,,
Pittsburg State,1927,1931,5,,,,,,,Pittsburg,Kansas,103,86,17,0.835,0,,,
Pittsburgh,1906,2022,115,0,0.424,0,0,0.25,,Pittsburgh,Pennsylvania,2873,1652,1221,0.575,13,26,1,0
Portland,1954,2022,69,0,0.219,0,0,0.313,,Portland,Oregon,1952,820,1132,0.42,0,2,0,0
Portland State,1973,2022,33,0,0.5,0,0,0.588,,Portland,Oregon,953,465,488,0.488,0,2,0,0
Prairie View,1981,2022,42,1,0.629,0,0,0.471,,Prairie View,Texas,1214,372,842,0.306,0,2,0,0
Pratt Institute,1934,1934,1,,,,,,,Brooklyn,New York,14,8,6,0.571,0,,,
Presbyterian,2011,2022,12,0,0.556,0,0,0.344,,Clinton,South Carolina,371,127,244,0.342,0,0,0,0
Princeton,1901,2022,122,0,0.571,0,0,0.448,,Princeton,New Jersey,2895,1784,1110,0.616,4,25,1,0
Providence,1929,2022,73,0,0.529,0,1,0.6,,Providence,Rhode Island,2111,1294,817,0.613,7,21,2,0
Purdue,1897,2022,124,1,0.722,13,1,0.811,11,West Lafayette,Indiana,2937,1884,1053,0.641,24,33,2,0
Purdue-Fort Wayne,2003,2022,20,0,0.545,0,0,0.545,,Fort Wayne,Indiana,618,292,326,0.472,0,0,0,0
Quinnipiac,1999,2022,24,0,0.516,0,0,0.364,,Hamden,Connecticut,713,337,376,0.473,0,0,0,0
Radford,1985,2022,38,0,0.667,0,1,0.639,,Radford,Virginia,1139,592,547,0.52,0,3,0,0
Regis (CO),1962,1964,3,,,,,,,Denver,Colorado,66,37,29,0.561,0,0,0,0
Rensselaer,1901,1924,4,,,,,,,Troy,New York,39,28,11,0.718,0,,,
Rhode Island,1904,2022,116,0,0.545,0,1,0.765,,Kingston,Rhode Island,2736,1560,1176,0.57,0,10,0,0
Rice,1915,2022,108,0,0.406,0,0,0.226,,Houston,Texas,2647,1159,1488,0.438,0,4,0,0
Richmond,1913,2022,110,0,0.394,0,0,0.375,,Richmond,Virginia,2675,1435,1240,0.536,1,10,0,0
Rider,1929,2022,59,0,0.516,0,0,0.688,,Lawrenceville,New Jersey,1675,875,800,0.522,0,3,0,0
Ripon,1902,1922,5,,,,,,,Ripon,Wisconsin,59,46,13,0.78,0,,,
Roanoke,1912,1919,8,,,,,,,Salem,Virginia,92,67,25,0.728,0,,,
Robert Morris,1977,2022,46,0,0.514,0,0,0.485,,Moon Township,Pennsylvania,1369,661,708,0.483,0,8,0,0
Rochester (NY),1910,1944,7,,,,,,,Rochester,New York,111,74,37,0.667,0,0,0,0
Rose-Hulman,1898,1898,1,,,,,,,Terre Haute,Indiana,4,2,2,0.5,0,,,
Rutgers,1914,2022,108,0,0.452,0,0,0.441,,New Brunswick,New Jersey,2543,1294,1249,0.509,2,8,1,0
Sacramento State,1992,2022,31,0,0.484,0,0,0.219,,Sacramento,California,879,278,601,0.316,0,0,0,0
Sacred Heart,2000,2022,23,0,0.469,0,0,0.323,,Fairfield,Connecticut,678,263,415,0.388,0,0,0,0
Saint Francis (PA),1956,2022,67,0,0.545,0,0,0.581,,Loretto,Pennsylvania,1827,815,1012,0.446,0,1,0,0
Saint Joseph's,1910,2022,113,0,0.424,0,0,0.5,,Philadelphia,Pennsylvania,2856,1668,1188,0.584,6,21,1,0
Saint Louis,1916,2022,106,1,0.639,0,0,0.515,,St. Louis,Missouri,2741,1491,1250,0.544,10,10,0,0
Saint Mary's (CA),1910,2022,113,1,0.647,0,0,0.833,25,Moraga,California,2672,1407,1265,0.527,5,11,0,0
Saint Peter's,1966,2022,57,0,0.313,0,0,0.438,,Jersey City,New Jersey,1634,816,818,0.499,0,4,0,0
Sam Houston State,1987,2022,36,0,0.636,0,0,0.583,,Huntsville,Texas,1075,569,506,0.529,0,2,0,0
Samford,1973,2022,50,0,0.515,0,0,0.313,,Birmingham,Alabama,1443,630,813,0.437,0,2,0,0
San Diego State,1971,2022,52,0,0.618,0,1,0.667,,San Diego,California,1569,873,696,0.556,5,14,0,0
San Diego,1980,2022,43,0,0.583,0,0,0.588,,San Diego,California,1258,618,640,0.491,0,4,0,0
San Francisco,1924,2022,95,0,0.677,0,0,0.564,,San Francisco,California,2490,1443,1047,0.58,9,17,3,2
San Jose State,1938,2022,72,0,0.129,0,0,0.133,,San Jose,California,1972,774,1198,0.392,0,2,0,0
Santa Clara,1909,2022,113,0,0.516,0,0,0.355,,Santa Clara,California,2687,1542,1145,0.574,2,11,1,0
Savage School of Physical Education,1896,1898,2,,,,,,,New York,New York,8,6,2,0.75,0,,,
Savannah State,2003,2019,17,0,0.355,0,0,0.469,,Savannah,Georgia,513,189,324,0.368,0,0,0,0
Scranton,1948,1948,1,,,,,,,Scranton,Pennsylvania,27,7,20,0.259,0,0,0,0
Seattle,1953,2022,40,0,0.545,0,0,0.588,,Seattle,Washington,1120,661,459,0.59,5,11,1,0
Seton Hall,1909,2022,109,1,0.588,0,1,0.647,,South Orange,New Jersey,2688,1570,1117,0.584,8,14,1,0
Sewanee,1923,1941,19,,,,,,,Sewanee,Tennessee,248,48,200,0.194,0,0,0,0
Siena,1939,2022,64,0,0.515,0,0,0.25,,Loudonville,New York,1758,965,793,0.549,1,6,0,0
South Alabama,1972,2022,51,0,0.5,0,0,0.438,,Mobile,Alabama,1498,845,653,0.564,0,8,0,0
South Carolina,1909,2022,114,0,0.5,0,0,0.515,,Columbia,South Carolina,2765,1468,1296,0.531,8,9,1,0
South Carolina State,1972,2022,51,0,0.235,0,0,0.313,,Orangeburg,South Carolina,1497,714,783,0.477,0,5,0,0
South Carolina Upstate,2011,2022,12,0,0.188,0,0,0.219,,Spartanburg,South Carolina,384,158,226,0.411,0,0,0,0
South Dakota,2011,2022,12,0,0.433,0,0,0.743,,Vermillion,South Dakota,373,195,178,0.523,0,0,0,0
South Dakota State,2009,2022,14,0,0.727,0,1,0.8,,Brookings,South Dakota,458,305,153,0.666,0,6,0,0
South Florida,1974,2022,49,0,0.632,0,0,0.313,,Tampa,Florida,1447,654,793,0.452,0,3,0,0
Southeast Missouri State,1992,2022,31,0,0.323,0,0,0.452,,Cape Girardeau,Missouri,918,379,539,0.413,0,1,0,0
Southeastern Louisiana,1981,2022,41,0,0.515,0,0,0.647,,Hammond,Louisiana,1190,517,673,0.434,0,1,0,0
Southern California,1907,2022,116,0,0.485,0,0,0.667,,Los Angeles,California,2930,1692,1238,0.577,11,20,2,0
Southern Illinois,1968,2022,55,0,0.531,0,0,0.606,,Carbondale,Illinois,1638,906,732,0.553,1,10,0,0
Southern Illinois-Edwardsville,2011,2022,12,0,0.323,0,0,0.3,,Edwardsville,Illinois,350,109,241,0.311,0,0,0,0
Southern,1978,2022,45,0,0.219,0,0,0.455,,Baton Rouge,Louisiana,1329,691,638,0.52,0,9,0,0
Southern Methodist,1917,2022,106,0,0.469,0,0,0.515,,Dallas,Texas,2651,1400,1251,0.528,5,12,1,0
Southern Mississippi,1973,2022,50,0,0.606,0,0,0.471,,Hattiesburg,Mississippi,1476,748,728,0.507,1,3,0,0
Southern Utah,1989,2022,34,0,0.5,0,0,0.406,,Cedar City,Utah,996,441,555,0.443,0,1,0,0
Southwestern (KS),1905,1923,19,,,,,,,Winfield,Kansas,289,212,77,0.734,0,,,
Southwestern (TX),1915,1916,2,,,,,,,Georgetown,Texas,10,1,9,0.1,0,,,
Springfield,1897,1935,30,,,,,,,Springfield,Massachusetts,406,268,138,0.66,0,,,
St. Bonaventure,1920,2022,102,0,0.529,0,1,0.765,,St. Bonaventure,New York,2485,1420,1065,0.571,6,8,1,0
St. Francis (NY),1902,2022,103,0,0.515,0,0,0.419,,Brooklyn Heights,New York,2589,1259,1330,0.486,0,0,0,0
St. John's (NY),1908,2022,115,1,0.618,0,0,0.485,,Queens,New York,3021,1950,1071,0.645,15,30,2,0
St. John's College,1921,1921,1,,,,,,,Toledo,Ohio,15,15,0,1,0,,,
St. Lawrence,1902,1914,7,,,,,,,Canton,New York,99,70,29,0.707,0,,,
St. Thomas (MN),2022,2022,1,,,,,,,St. Paul,Minnesota,30,10,20,0.333,0,0,0,0
Stanford,1914,2022,107,0,0.484,0,0,0.543,,Stanford,California,2783,1579,1204,0.567,10,17,2,1
Stephen F. Austin,1987,2022,36,0,0.467,0,1,0.8,,Nacogdoches,Texas,1056,615,441,0.582,0,5,0,0
Stetson,1972,2022,51,0,0.226,0,0,0.375,,DeLand,Florida,1463,660,803,0.451,0,0,0,0
Stevens Institute,1917,1920,4,,,,,,,Hoboken,New Jersey,48,37,11,0.771,0,,,
Stony Brook,2000,2022,23,0,0.727,0,0,0.406,,Stony Brook,New York,704,358,346,0.509,0,1,0,0
SUNY-Potsdam,1910,1913,2,,,,,,,Potsdam,New York,32,22,10,0.688,0,,,
Swarthmore,1906,1919,11,,,,,,,Swarthmore,Pennsylvania,133,92,41,0.692,0,,,
Syracuse,1901,2022,121,1,0.588,0,1,0.622,,Syracuse,New York,3006,2057,949,0.684,30,41,6,1
Tarleton State,2021,2022,2,,,,,,,Stephenville,Texas,51,24,27,0.471,0,0,0,0
TCU,1914,2022,109,0,0.622,0,1,0.636,,Fort Worth,Texas,2716,1272,1444,0.468,3,9,0,0
Temple,1895,2022,126,1,0.697,0,0,0.515,,Philadelphia,Pennsylvania,3081,1962,1119,0.637,9,33,2,0
Tennessee State,1978,2022,45,0,0.3,0,0,0.5,,Nashville,Tennessee,1292,547,745,0.423,0,2,0,0
Tennessee Tech,1944,2022,68,0,0.258,0,0,0.576,,Cookeville,Tennessee,1863,901,962,0.484,0,2,0,0
Tennessee,1909,2022,113,1,0.838,6,1,0.743,13,Knoxville,Tennessee,2802,1718,1082,0.614,14,24,0,0
Tennessee-Martin,1993,2022,30,0,0.387,0,0,0.323,,Martin,Tennessee,883,330,553,0.374,0,0,0,0
Texas A&M,1913,2022,110,0,0.438,0,1,0.629,,College Station,Texas,2787,1475,1312,0.529,4,14,0,0
Texas A&M-Corpus Christi,2003,2022,20,0,0.438,0,0,0.379,,Corpus Christi,Texas,617,315,302,0.511,0,2,0,0
Texas,1906,2022,116,0,0.568,0,1,0.559,,Austin,Texas,2967,1849,1118,0.623,13,36,3,0
Texas Southern,1978,2022,45,0,0.632,0,1,0.444,,Houston,Texas,1350,676,674,0.501,0,10,0,0
Texas State,1985,2022,38,0,0.706,0,0,0.455,,San Marcos,Texas,1115,525,590,0.471,0,2,0,0
Texas Tech,1926,2022,94,1,0.816,9,1,0.73,14,Lubbock,Texas,2547,1437,1110,0.564,8,19,1,0
Texas Wesleyan,1948,1948,1,,,,,,,Fort Worth,Texas,30,19,11,0.633,0,0,0,0
Texas-Rio Grande Valley,1969,2022,54,0,0.541,0,0,0.455,,Edinburg,Texas,1520,650,870,0.428,0,0,0,0
The Citadel,1913,2022,110,0,0.4,0,0,0.344,,Charleston,South Carolina,2448,1029,1419,0.42,0,0,0,0
Toledo,1916,2022,107,0,0.758,0,0,0.676,,Toledo,Ohio,2632,1518,1114,0.577,2,4,0,0
Towson,1980,2022,43,0,0.313,0,0,0.563,,Towson,Maryland,1272,544,728,0.428,0,2,0,0
Trinity (CT),1897,1911,8,,,,,,,Hartford,Connecticut,81,28,53,0.346,0,,,
Trinity (TX),1971,1973,3,,,,,,,San Antonio,Texas,70,25,45,0.357,0,0,0,0
Troy,1994,2022,29,0,0.4,0,0,0.485,,Troy,Alabama,869,411,458,0.473,0,2,0,0
Tulane,1906,2022,112,0,0.129,0,0,0.452,,New Orleans,Louisiana,2600,1255,1345,0.483,1,3,0,0
Tulsa,1914,2022,109,0,0.563,0,0,0.613,,Tulsa,Oklahoma,2693,1493,1200,0.554,5,16,0,0
U.S. International,1982,1991,10,,,,,,,San Diego,California,279,69,210,0.247,0,0,0,0
UAB,1980,2022,43,0,0.571,0,0,0.606,,Birmingham,Alabama,1384,869,515,0.628,2,16,0,0
UC Davis,2008,2022,15,0,0.355,0,0,0.667,,Davis,California,454,203,251,0.447,0,1,0,0
UC Irvine,1978,2022,45,1,0.838,0,0,0.514,,Irvine,California,1353,680,673,0.503,0,2,0,0
UC Riverside,2002,2022,21,0,0.303,0,0,0.29,,Riverside,California,617,228,389,0.37,0,0,0,0
UC San Diego,2021,2022,2,,,,,,,La Jolla,California,46,20,26,0.435,0,0,0,0
UC Santa Barbara,1964,2022,59,0,0.688,0,0,0.719,,Santa Barbara,California,1675,900,775,0.537,0,6,0,0
UCLA,1920,2022,103,0,0.515,0,1,0.636,,Los Angeles,California,2844,1958,886,0.688,42,51,19,11
UNC Asheville,1987,2022,36,0,0.129,0,0,0.618,,Asheville,North Carolina,1071,515,556,0.481,0,4,0,0
UNC Greensboro,1992,2022,31,0,0.806,0,1,0.771,,Greensboro,North Carolina,949,462,487,0.487,0,4,0,0
UNC Wilmington,1977,2022,46,0,0.303,0,0,0.344,,Wilmington,North Carolina,1363,706,657,0.518,0,6,0,0
Union (NY),1907,1925,19,,,,,,,Schenectady,New York,266,162,104,0.609,0,,,
UT Arlington,1969,2022,54,0,0.515,0,0,0.618,,Arlington,Texas,1552,714,838,0.46,0,1,0,0
Utah State,1904,2022,117,1,0.8,25,0,0.5,,Logan,Utah,2819,1667,1152,0.591,5,22,0,0
Utah,1909,2022,114,0,0.548,0,0,0.657,,Salt Lake City,Utah,2910,1858,1052,0.638,21,29,4,1
Utah Valley,2010,2022,13,0,0.714,0,0,0.676,,Orem,Utah,404,215,189,0.532,0,0,0,0
UTEP,1923,2022,94,0,0.276,0,0,0.355,,El Paso,Texas,2428,1384,1044,0.57,4,17,1,1
Utica,1982,1987,6,,,,,,,Utica,New York,158,64,94,0.405,0,0,0,0
UTSA,1982,2022,41,0,0.531,0,0,0.571,,San Antonio,Texas,1212,601,611,0.496,0,4,0,0
Valparaiso,1918,2022,87,0,0.455,0,0,0.469,,Valparaiso,Indiana,2228,1172,1056,0.526,0,9,0,0
Vanderbilt,1901,2022,120,0,0.281,0,0,0.375,,Nashville,Tennessee,2865,1645,1220,0.574,11,15,0,0
Vermont,1921,2022,67,1,0.794,0,0,0.771,,Burlington,Vermont,1826,988,838,0.541,0,8,0,0
Villanova,1921,2022,102,1,0.722,23,1,0.9,2,Villanova,Pennsylvania,2808,1851,957,0.659,26,41,7,3
Virginia,1906,2022,117,1,0.921,2,1,0.912,1,Charlottesville,Virginia,2891,1694,1196,0.586,15,24,3,1
Virginia Commonwealth,1974,2022,49,1,0.758,0,0,0.545,,Richmond,Virginia,1507,977,529,0.649,3,18,1,0
Virginia Military Institute,1909,2022,114,0,0.344,0,0,0.3,,Lexington,Virginia,2520,935,1585,0.371,1,3,0,0
Virginia Tech,1909,2022,114,1,0.743,16,1,0.636,,Blacksburg,Virginia,2774,1518,1256,0.547,3,13,0,0
Wabash,1897,1925,29,,,,,,,Crawfordsville,Indiana,407,301,106,0.74,0,,,
Wagner,1966,2022,50,0,0.433,0,0,0.697,,Staten Island,New York,1427,699,728,0.49,0,1,0,0
Wake Forest,1906,2022,116,0,0.355,0,0,0.355,,Winston-Salem,North Carolina,2861,1581,1280,0.553,17,23,1,0
Washburn,1906,1941,35,,,,,,,Topeka,Kansas,557,270,283,0.488,0,0,0,0
Washington & Jefferson,1913,1944,10,,,,,,,Washington,Pennsylvania,128,73,55,0.57,0,0,0,0
Washington & Lee,1907,1959,51,,,,,,,Lexington,Virginia,905,472,432,0.522,0,0,0,0
Washington (MO),1905,1960,52,,,,,,,St. Louis,Missouri,921,433,488,0.47,0,0,0,0
Washington College,1913,1925,13,,,,,,,Chestertown,Maryland,151,109,42,0.722,0,,,
Washington,1896,2022,121,1,0.75,0,0,0.618,,Seattle,Washington,3073,1834,1239,0.597,8,17,1,0
Washington State,1902,2022,121,0,0.344,0,0,0.387,,Pullman,Washington,3216,1645,1571,0.512,3,6,1,0
Wayne State (MI),1928,1950,5,,,,,,,Detroit,Michigan,104,47,57,0.452,0,0,0,0
Weber State,1964,2022,59,0,0.545,0,0,0.645,,Ogden,Utah,1736,1089,647,0.627,1,16,0,0
Wesleyan (CT),1896,1913,13,,,,,,,Middletown,Connecticut,171,97,74,0.567,0,,,
West Chester,1899,1982,10,,,,,,,West Chester,Pennsylvania,244,86,158,0.352,0,0,0,0
West Texas A&M,1921,1986,54,,,,,,,Canyon,Texas,1275,707,568,0.555,0,1,0,0
West Virginia,1904,2022,113,0,0.417,0,1,0.703,15,Morgantown,West Virginia,2964,1827,1137,0.616,19,30,2,0
Western Carolina,1977,2022,46,0,0.219,0,0,0.406,,Cullowhee,North Carolina,1354,591,763,0.436,0,1,0,0
Western Colorado,1924,1937,14,,,,,,,Gunnison,Colorado,189,88,101,0.466,0,,,
Western Illinois,1982,2022,41,0,0.323,0,0,0.429,,Macomb,Illinois,1170,482,688,0.412,0,0,0,0
Western Kentucky,1922,2022,101,0,0.588,0,0,0.711,,Bowling Green,Kentucky,2808,1852,956,0.66,11,23,1,0
Western Michigan,1914,2022,109,0,0.25,0,0,0.531,,Kalamazoo,Michigan,2632,1360,1271,0.517,1,4,0,0
Westminster (MO),1920,1920,1,,,,,,,Fulton,Missouri,17,17,0,1,0,,,
Westminster (PA),1898,1935,21,,,,,,,New Wilmington,Pennsylvania,294,210,84,0.714,0,,,
Wheaton (IL),1902,1905,4,,,,,,,Wheaton,Illinois,57,39,17,0.696,0,,,
Whittier,1909,1915,3,,,,,,,Whittier,California,42,38,3,0.927,0,,,
Wichita State,1906,2022,115,0,0.595,0,1,0.758,16,Wichita,Kansas,2870,1640,1230,0.571,8,16,2,0
Widener,1899,1909,5,,,,,,,Chester,Pennsylvania,26,20,6,0.769,0,,,
William & Mary,1906,2022,117,0,0.452,0,0,0.613,,Williamsburg,Virginia,2717,1266,1451,0.466,0,0,0,0
Williams,1901,1911,10,,,,,,,Williamstown,Massachusetts,161,136,24,0.85,0,,,
Winthrop,1987,2022,36,0,0.6,0,0,0.613,,Rock Hill,South Carolina,1085,605,480,0.558,1,11,0,0
Wisconsin,1899,2022,124,1,0.676,21,0,0.455,,Madison,Wisconsin,2923,1678,1245,0.574,18,26,4,1
Wisconsin-Stevens Point,1898,1918,21,,,,,,,Stevens Point,Wisconsin,156,98,58,0.628,0,,,
Wisconsin-Superior,1900,1901,2,,,,,,,Superior,Wisconsin,14,10,4,0.714,0,,,
Wittenberg,1931,1931,1,,,,,,,Springfield,Ohio,20,18,2,0.9,0,,,
Wofford,1996,2022,27,1,0.857,19,0,0.618,,Spartanburg,South Carolina,828,420,408,0.507,1,5,0,0
Wooster,1901,1931,31,,,,,,,Wooster,Ohio,390,225,165,0.577,0,,,
WPI,1920,1920,1,,,,,,,Worcester,Massachusetts,16,14,2,0.875,0,,,
Wright State,1988,2022,35,0,0.6,0,1,0.714,,Dayton,Ohio,1063,595,468,0.56,0,4,0,0
Wyoming,1905,2022,117,0,0.25,0,0,0.606,,Laramie,Wyoming,2813,1585,1228,0.563,4,16,1,1
Xavier,1920,2022,101,0,0.543,0,1,0.829,3,Cincinnati,Ohio,2626,1568,1058,0.597,12,28,0,0
Yale,1896,2022,127,1,0.733,0,0,0.516,,New Haven,Connecticut,3023,1522,1498,0.504,1,6,0,0
Youngstown State,1948,2022,42,0,0.375,0,0,0.25,,Youngstown,Ohio,1226,484,742,0.395,0,0,0,0